{"cameraMode":{"drawMode":0,"name":"Shaded","section":"Shading Mode"},"sceneLighting":false,"audioPlay":false,"sceneViewState":{"m_AlwaysRefresh":false,"showFog":true,"showSkybox":false,"showFlares":true,"showImageEffects":true,"showParticleSystems":true,"showVisualEffectGraphs":true,"m_FxEnabled":true},"in2DMode":false,"pivot":{"x":3.7434253692626955,"y":1.5098700523376465,"z":0.8012309074401856},"rotation":{"x":0.18205229938030244,"y":0.5970941185951233,"z":-0.14153534173965455,"w":0.7683488726615906},"size":0.8660253882408142,"orthographic":false}