{"cameraMode":{"drawMode":0,"name":"Shaded","section":"Shading Mode"},"sceneLighting":false,"audioPlay":false,"sceneViewState":{"m_AlwaysRefresh":false,"showFog":true,"showSkybox":false,"showFlares":true,"showImageEffects":true,"showParticleSystems":true,"showVisualEffectGraphs":true,"m_FxEnabled":true},"in2DMode":false,"pivot":{"x":-1.9813148975372315,"y":0.7847292423248291,"z":17.595369338989259},"rotation":{"x":-0.14825206995010377,"y":-0.01275900099426508,"z":0.0019216801738366485,"w":-0.9888935089111328},"size":1.6965078115463257,"orthographic":false}