{"cameraMode":{"drawMode":0,"name":"Shaded","section":"Shading Mode"},"sceneLighting":false,"audioPlay":false,"sceneViewState":{"m_AlwaysRefresh":false,"showFog":true,"showSkybox":false,"showFlares":true,"showImageEffects":true,"showParticleSystems":true,"showVisualEffectGraphs":true,"m_FxEnabled":true},"in2DMode":false,"pivot":{"x":1.218023419380188,"y":-0.5110468864440918,"z":5.24589729309082},"rotation":{"x":0.09914545714855194,"y":0.0077733504585921768,"z":-0.0007610415341332555,"w":0.9950681328773499},"size":6.898845195770264,"orthographic":false}