{"cameraMode":{"drawMode":0,"name":"Shaded","section":"Shading Mode"},"sceneLighting":false,"audioPlay":false,"sceneViewState":{"m_AlwaysRefresh":false,"showFog":true,"showSkybox":false,"showFlares":true,"showImageEffects":true,"showParticleSystems":true,"showVisualEffectGraphs":true,"m_FxEnabled":true},"in2DMode":false,"pivot":{"x":1.5753991603851319,"y":2.753403902053833,"z":5.044399261474609},"rotation":{"x":-0.5808379650115967,"y":0.011478494852781296,"z":-0.008183427155017853,"w":-0.8139309287071228},"size":1.1922814846038819,"orthographic":false}